{
    "sentence-transformers/paraphrase-multilingual-MiniLM-L12-v2": {
        "n_queries": 146,
        "n_missing_in_db": 0,
        "precision_at_1": 0.3698630136986301,
        "precision_at_3": 0.5205479452054794,
        "precision_at_10": 0.8972602739726028,
        "execution_time_sec": 58.35
    },
    "sentence-transformers/LaBSE": {
        "n_queries": 146,
        "n_missing_in_db": 0,
        "precision_at_1": 0.3082191780821918,
        "precision_at_3": 0.4726027397260274,
        "precision_at_10": 0.910958904109589,
        "execution_time_sec": 258.47
    },
    "intfloat/multilingual-e5-base": {
        "n_queries": 146,
        "n_missing_in_db": 0,
        "precision_at_1": 0.363013698630137,
        "precision_at_3": 0.5068493150684932,
        "precision_at_10": 0.9178082191780822,
        "execution_time_sec": 404.37
    },
    "sentence-transformers/all-MiniLM-L6-v2": {
        "n_queries": 146,
        "n_missing_in_db": 0,
        "precision_at_1": 0.22602739726027396,
        "precision_at_3": 0.3424657534246575,
        "precision_at_10": 0.7054794520547946,
        "execution_time_sec": 52.62
    },
    "sentence-transformers/paraphrase-MiniLM-L6-v2": {
        "n_queries": 146,
        "n_missing_in_db": 0,
        "precision_at_1": 0.2465753424657534,
        "precision_at_3": 0.3493150684931507,
        "precision_at_10": 0.6643835616438356,
        "execution_time_sec": 31.53
    },
    "sentence-transformers/all-MiniLM-L12-v2": {
        "n_queries": 146,
        "n_missing_in_db": 0,
        "precision_at_1": 0.2328767123287671,
        "precision_at_3": 0.3356164383561644,
        "precision_at_10": 0.6643835616438356,
        "execution_time_sec": 53.02
    },
    "sentence-transformers/all-mpnet-base-v2": {
        "n_queries": 146,
        "n_missing_in_db": 0,
        "precision_at_1": 0.17123287671232876,
        "precision_at_3": 0.2534246575342466,
        "precision_at_10": 0.5342465753424658,
        "execution_time_sec": 399.21
    }
}